X,Y,Name,description,timestamp,begin,end,altitudeMode,tessellate,extrude,visibility,drawOrder,icon,longitude,latitude,icon_url
38.90188,-10.94166,Lupaso,,,,,,"-1","0","-1",,,38.9019,-10.9417,
39.346616,-6.870964,Kasumo village,,,,,,"-1","0","-1",,,39.3466,-6.87096,
36.43079,-6.31057,Chamhawi Hill,,,,,,"-1","0","-1",,,36.4308,-6.31057,
31.84737,-2.28682,Pongo View,,,,,,"-1","0","-1",,,31.8474,-2.28682,
31.953177,-2.408751,Bulongelo Hill,,,,,,"-1","0","-1",,,31.9532,-2.40875,
31.012675,-1.025444,Bugango Hill,,,,,,"-1","0","-1",,,31.0127,-1.02544,
36.14796,-7.3734,Ngano Hill,,,,,,"-1","0","-1",,,36.148,-7.3734,
34.85104,-8.34368,Ikweha Hill,,,,,,"-1","0","-1",,,34.851,-8.34368,
35.66098,-8.75871,Mpanga Tazara P/S,,,,,,"-1","0","-1",,,35.661,-8.75871,
38.618016,-10.418983,Mchonda 843 KJ,,,,,,"-1","0","-1",,,38.618,-10.419,
39.36933,-9.57781,Mnyangara Hill,,,,,,"-1","0","-1",,,39.3693,-9.57781,
38.76545,-10.78154,Matawale P/S,,,,,,"-1","0","-1",,,38.7655,-10.7815,
38.771943,-7.089761,Kidugalo P/S,,,,,,"-1","0","-1",,,38.7719,-7.08976,
35.060599,-11.44556,Mpepo Hill,,,,,,"-1","0","-1",,,35.0606,-11.4456,
34.06254,-1.71485,Matongo P/S,,,,,,"-1","0","-1",,,34.0625,-1.71485,
35.021766,-5.052966,Misughaa Hill,,,,,,"-1","0","-1",,,35.0218,-5.05297,
33.928354,-9.65341,Itete,,,,,,"-1","0","-1",,,33.9284,-9.65341,
32.054992,-2.290263,IBENDE(Kisaba),,,,,,"-1","0","-1",,,32.055,-2.29026,
31.10174,-6.43296,Makongolo Hill,,,,,,"-1","0","-1",,,31.1017,-6.43296,
31.44217,-7.23573,Ikulwe P/S,,,,,,"-1","0","-1",,,31.4422,-7.23573,
31.32224,-7.20417,Mbede Dispensary,,,,,,"-1","0","-1",,,31.3222,-7.20417,
30.40441,-6.73831,Ikola[DET IKOLA] Hill,,,,,,"-1","0","-1",,,30.4044,-6.73831,
32.47474,-6.78363,Ibelamafipa,,,,,,"-1","0","-1",,,32.4747,-6.78363,
32.15141,-6.67635,Songambele P/S,,,,,,"-1","0","-1",,,32.1514,-6.67635,
32.13649,-6.74333,Kamalampaka,,,,,,"-1","0","-1",,,32.1365,-6.74333,
32.01568,-6.79965,Kaulolo,,,,,,"-1","0","-1",,,32.0157,-6.79965,
32.03812,-6.60634,Kafuru P/S,,,,,,"-1","0","-1",,,32.0381,-6.60634,
31.3605,-7.68606,Milundikwa[847 KJ] Hill,,,,,,"-1","0","-1",,,31.3605,-7.68606,
31.17176,-8.57147,Kapele,,,,,,"-1","0","-1",,,31.1718,-8.57147,
32.78255,-8.88595,Itaka 845 KJ Hill,,,,,,"-1","0","-1",,,32.7826,-8.88595,
35.93336,-5.6651,Solowu,,,,,,"-1","0","-1",,,35.9334,-5.6651,
35.31102,-5.20493,Dinae,,,,,,"-1","0","-1",,,35.311,-5.20493,
35.71456,-5.54155,Humekwa,,,,,,"-1","0","-1",,,35.7146,-5.54155,
35.39386,-5.355,Motto Hill,,,,,,"-1","0","-1",,,35.3939,-5.355,
36.09393,-6.86151,Wiyenzele Hill,,,,,,"-1","0","-1",,,36.0939,-6.86151,
35.079417,-7.844472,Makifu,,,,,,"-1","0","-1",,,35.0794,-7.84447,
36.06142,-7.291252,Nyakavangala Dispensary,,,,,,"-1","0","-1",,,36.0614,-7.29125,
35.22419,-8.9617,Idete,,,,,,"-1","0","-1",,,35.2242,-8.9617,
34.09002,-9.06386,Matenga P/S,,,,,,"-1","0","-1",,,34.09,-9.06386,
34.31252,-9.4726,Maliwa Hill,,,,,,"-1","0","-1",,,34.3125,-9.4726,
34.94094,-10.11951,Ibumi,,,,,,"-1","0","-1",,,34.9409,-10.1195,
36.04293,-10.99037,Tuonane P/S,,,,,,"-1","0","-1",,,36.0429,-10.9904,
36.93179,-11.5488,Wenje P/S,,,,,,"-1","0","-1",,,36.9318,-11.5488,
34.80225,-10.94017,Mahilo Hill,,,,,,"-1","0","-1",,,34.8023,-10.9402,
35.1036,-10.27732,Kingoli,,,,,,"-1","0","-1",,,35.1036,-10.2773,
34.82592,-10.92193,Njombe P/S,,,,,,"-1","0","-1",,,34.8259,-10.9219,
34.47732,-8.57637,Mlembule P/S,,,,,,"-1","0","-1",,,34.4773,-8.57637,
34.85218,-8.16545,Nyamakuyu Hill,,,,,,"-1","0","-1",,,34.8522,-8.16545,
34.74852,-8.28372,Nyakazombe P/S,,,,,,"-1","0","-1",,,34.7485,-8.28372,
30.81181,-7.88541,Lyapinda,,,,,,"-1","0","-1",,,30.8118,-7.88541,
38.08014,-4.9733,Mpasilasi,,,,,,"-1","0","-1",,,38.0801,-4.9733,
37.61991,-5.04958,Saunyi Hill,,,,,,"-1","0","-1",,,37.6199,-5.04958,
37.28918,-5.93204,Msamvu,,,,,,"-1","0","-1",,,37.2892,-5.93204,
37.43246,-2.91722,Endonet Hill,,,,,,"-1","0","-1",,,37.4325,-2.91722,
36.50672,-2.49281,Ngoswaki Hill,,,,,,"-1","0","-1",,,36.5067,-2.49281,
35.63187,-4.04284,Kokomay Hill,,,,,,"-1","0","-1",,,35.6319,-4.04284,
35.13297,-4.04537,Philipo Marmo Sec/s,,,,,,"-1","0","-1",,,35.133,-4.04537,
35.59141,-3.91473,Kainam Sec/School,,,,,,"-1","0","-1",,,35.5914,-3.91473,
37.02024,-4.06544,Losokonoi(LEMILEBO),,,,,,"-1","0","-1",,,37.0202,-4.06544,
36.93119,-4.33493,Lengejape Hill,,,,,,"-1","0","-1",,,36.9312,-4.33493,
36.95724,-4.23187,Irikunyinyi,,,,,,"-1","0","-1",,,36.9572,-4.23187,
37.30715,-4.91892,Kitwai B P/S,,,,,,"-1","0","-1",,,37.3072,-4.91892,
37.49045,-4.64832,Lerumo,,,,,,"-1","0","-1",,,37.4905,-4.64832,
36.34743,-5.00319,Katikati P/S,,,,,,"-1","0","-1",,,36.3474,-5.00319,
37.03524,-5.83923,Olgira Hill,,,,,,"-1","0","-1",,,37.0352,-5.83923,
34.71387,-1.74275,Mbalibali P/S,,,,,,"-1","0","-1",,,34.7139,-1.74275,
30.5869,-4.52512,Sakwazi Hill,,,,,,"-1","0","-1",,,30.5869,-4.52512,
32.95382,-5.39937,Magua Hill,,,,,,"-1","0","-1",,,32.9538,-5.39937,
33.33622,-5.38213,Nyahua P/S,,,,,,"-1","0","-1",,,33.3362,-5.38213,
34.04328,-5.13798,Iyumbu P/S,,,,,,"-1","0","-1",,,34.0433,-5.13798,
35.18453,-6.58195,Mangoli P/S,,,,,,"-1","0","-1",,,35.1845,-6.58195,
36.90429,-6.40052,Ibani Hill(Nkobwe),,,,,,"-1","0","-1",,,36.9043,-6.40052,
36.70442,-8.90431,Jungua Hill(Ruaha),,,,,,"-1","0","-1",,,36.7044,-8.90431,
38.95333611,-8.378744,Mwengei,,,,,,"-1","0","-1",,,38.9533,-8.37874,
39.04654,-8.39859,Pungutini,,,,,,"-1","0","-1",,,39.0465,-8.39859,
38.86361,-8.43168,Nandete,,,,,,"-1","0","-1",,,38.8636,-8.43168,
39.1189,-8.4966,Muungano Dispensary,,,,,,"-1","0","-1",,,39.1189,-8.4966,
39.23908,-9.88914,Mputwa,,,,,,"-1","0","-1",,,39.2391,-9.88914,
37.97594,-10.54105,Namatunu,,,,,,"-1","0","-1",,,37.9759,-10.5411,
38.3743,-10.17825,Lipuyu,,,,,,"-1","0","-1",,,38.3743,-10.1783,
38.15424,-10.30915,NAHIMBA,,,,,,"-1","0","-1",,,38.1542,-10.3092,
38.785026,-10.843545,Navai PS,,,,,,"-1","0","-1",,,38.785,-10.8435,
39.06258,-8.32416,Tumbalio Hill,,,,,,"-1","0","-1",,,39.0626,-8.32416,
39.06366,-7.80527,Mangwi,,,,,,"-1","0","-1",,,39.0637,-7.80527,
39.18766,-7.88917,Mtunda B,,,,,,"-1","0","-1",,,39.1877,-7.88917,
39.07602,-7.92613,Muyuyu,,,,,,"-1","0","-1",,,39.076,-7.92613,
38.34688,-7.83666,Mtanza-Msona,,,,,,"-1","0","-1",,,38.3469,-7.83666,
39.71055,-5.29222,Mgelema,,,,,,"-1","0","-1",,,39.7105,-5.29222,
39.68395,-4.93546,Tondooni,,,,,,"-1","0","-1",,,39.684,-4.93546,
36.66123,-3.30557,Kimnyaki,,,,,,"-1","0","-1",,,36.6612,-3.30557,
36.65603,-3.56468,Mbuyuni,,,,,,"-1","0","-1",,,36.656,-3.56468,
35.43092,-6.16148,Chikola Pr School,,,,,,"-1","0","-1",,,35.4309,-6.16148,
35.54329,-5.47807,Bugenika,,,,,,"-1","0","-1",,,35.5433,-5.47807,
36.64271,-6.24945,Chang'ombe,,,,,,"-1","0","-1",,,36.6427,-6.24945,
35.44949,-6.37191,Chidilo,,,,,,"-1","0","-1",,,35.4495,-6.37191,
31.78971,-3.00238,Kakora,,,,,,"-1","0","-1",,,31.7897,-3.00238,
35.35196,-8.09797,Limuli Hill,,,,,,"-1","0","-1",,,35.352,-8.09797,
31.81254,-1.21588,Bushagara,,,,,,"-1","0","-1",,,31.8125,-1.21588,
31.81046,-1.25232,Igombe,,,,,,"-1","0","-1",,,31.8105,-1.25232,
31.14543,-1.72917,Ihembe I,,,,,,"-1","0","-1",,,31.1454,-1.72917,
31.30261,-2.549353,Kitwechembigo,,,,,,"-1","0","-1",,,31.3026,-2.54935,
37.13303,-3.18894,Manio-Suumu Pr Sc,,,,,,"-1","0","-1",,,37.133,-3.18894,
37.11076,-3.18853,Mae_Kibong'oto pr,,,,,,"-1","0","-1",,,37.1108,-3.18853,
38.97689,-9.86203,Namkonjela,,,,,,"-1","0","-1",,,38.9769,-9.86203,
33.53732,-2.1372,Haruzele,,,,,,"-1","0","-1",,,33.5373,-2.1372,
34.37796,-1.96238,Kitembere,,,,,,"-1","0","-1",,,34.378,-1.96238,
32.69531,-8.51363,Isanzu,,,,,,"-1","0","-1",,,32.6953,-8.51363,
32.16463,-9.0575,Kapele Sec,,,,,,"-1","0","-1",,,32.1646,-9.0575,
33.94274,-9.59834,Kilwa,,,,,,"-1","0","-1",,,33.9427,-9.59834,
33.5444,-7.93356,Luwalaje,,,,,,"-1","0","-1",,,33.5444,-7.93356,
32.91563,-8.3852,Maleza,,,,,,"-1","0","-1",,,32.9156,-8.3852,
32.99968,-8.66679,Itindi,,,,,,"-1","0","-1",,,32.9997,-8.66679,
37.433781,-6.1263,Kinda,,,,,,"-1","0","-1",,,37.4338,-6.1263,
33.47175,-2.85453,Mwandu,,,,,,"-1","0","-1",,,33.4718,-2.85453,
33.35125,-8.93497,Kihesa,,,,,,"-1","0","-1",,,33.3513,-8.93497,
35.26355,-3.99693,Dirim,,,,,,"-1","0","-1",,,35.2636,-3.99693,
35.69299,-4.34519,Endanachan,,,,,,"-1","0","-1",,,35.693,-4.34519,
37.10995,-5.53981,Olkitikiti,,,,,,"-1","0","-1",,,37.1099,-5.53981,
35.63673,-4.20499,Singu,,,,,,"-1","0","-1",,,35.6367,-4.20499,
35.60551,-4.22518,Arri Pr Sch,,,,,,"-1","0","-1",,,35.6055,-4.22518,
34.66382,-9.09786,Ihanja PS,,,,,,"-1","0","-1",,,34.6638,-9.09786,
33.47424,-2.45443,Ihale Pr School,,,,,,"-1","0","-1",,,33.4742,-2.45443,
33.11632,-3.41959,Itinje,,,,,,"-1","0","-1",,,33.1163,-3.41959,
33.10196,-4.24758,Shilla,,,,,,"-1","0","-1",,,33.102,-4.24758,
37.30601,-5.69928,Masagalu hill,,,,,,"-1","0","-1",,,37.306,-5.69928,
38.63295,-5.02218,Misalai Hill,,,,,,"-1","0","-1",,,38.633,-5.02218,
38.46663,-5.00927,Mpale hill 2,,,,,,"-1","0","-1",,,38.4666,-5.00927,
38.17708,-4.75499,Magila,,,,,,"-1","0","-1",,,38.1771,-4.75499,
35.50328,-6.60241,CHIFUKULO,,,,,,"-1","0","-1",,,35.5033,-6.60241,
38.22667,-10.37215,Mbondo,,,,,,"-1","0","-1",,,38.2267,-10.3721,
38.32553,-10.37041,Chimbendenga,,,,,,"-1","0","-1",,,38.3255,-10.3704,
32.48519,-8.54994,Mazinde Hill,,,,,,"-1","0","-1",,,32.4852,-8.54994,
36.89674,-6.98714,Nyameni,,,,,,"-1","0","-1",,,36.8967,-6.98714,
38.68225,-10.730944,Namajani,,,,,,"-1","0","-1",,,38.6823,-10.7309,
35.53811111,-3.68669444,Masizda,,,,,,"-1","0","-1",,,35.5381,-3.68669,
36.10587,-2.71615,Gelai Meirugoi,,,,,,"-1","0","-1",,,36.1059,-2.71615,
35.42431,-3.67018,Gembakw,,,,,,"-1","0","-1",,,35.4243,-3.67018,
36.38748,-4.72937,Irukushbo,,,,,,"-1","0","-1",,,36.3875,-4.72937,
35.53614,-2.39748,Lamnyani B Hill,,,,,,"-1","0","-1",,,35.5361,-2.39748,
36.67421,-4.67696,Makame (Tyakunini,,,,,,"-1","0","-1",,,36.6742,-4.67696,
38.60374,-7.41073,Mtunani,,,,,,"-1","0","-1",,,38.6037,-7.41073,
38.89491,-7.73156,Kibiti RS,,,,,,"-1","0","-1",,,38.8949,-7.73156,
36.99332,-10.99631,Mbatamila,,,,,,"-1","0","-1",,,36.9933,-10.9963,
37.77055,-10.94284,Tulieni,,,,,,"-1","0","-1",,,37.7706,-10.9428,
37.35044,-11.60569,Makande,,,,,,"-1","0","-1",,,37.3504,-11.6057,
37.11287,-10.96621,Kitalo,,,,,,"-1","0","-1",,,37.1129,-10.9662,
36.09608,-10.92485,Ligera,,,,,,"-1","0","-1",,,36.0961,-10.9248,
36.88511,-11.33343,Masuguru (Airtel),,,,,,"-1","0","-1",,,36.8851,-11.3334,
36.931806,-10.751972,Milonde,,,,,,"-1","0","-1",,,36.9318,-10.752,
34.47773,-5.04754,Makilawa Dispensary,,,,,,"-1","0","-1",,,34.4777,-5.04754,
34.13457,-4.64842,Masimba,,,,,,"-1","0","-1",,,34.1346,-4.64842,
38.87148,-5.41613,Mseko,,,,,,"-1","0","-1",,,38.8715,-5.41613,
35.6277,-4.71263,MWEMBENI - ULUMBU,,,,,,"-1","0","-1",,,35.6277,-4.71263,
35.74195,-4.83971944,TUMBELO HILL,,,,,,"-1","0","-1",,,35.742,-4.83972,
36.12229,-4.79893,INDINDIRI TANGINI,,,,,,"-1","0","-1",,,36.1223,-4.79893,
35.19783333,-7.78127778,Idodi,,,,,,"-1","0","-1",,,35.1978,-7.78128,
35.06558889,-7.92701944,Mahuninga,,,,,,"-1","0","-1",,,35.0656,-7.92702,
38.8219,-9.96158056,Machang'anja HILL,,,,,,"-1","0","-1",,,38.8219,-9.96158,
38.80491944,-9.89743889,Chikwale,,,,,,"-1","0","-1",,,38.8049,-9.89744,
39.11751111,-9.90458889,Mchichili,,,,,,"-1","0","-1",,,39.1175,-9.90459,
32.68505556,-8.0645,Kapalala,,,,,,"-1","0","-1",,,32.6851,-8.0645,
32.82,-7.743361,Ngwala,,,,,,"-1","0","-1",,,32.82,-7.74336,
37.05047222,-4.70438889,Loonderekes,,,,,,"-1","0","-1",,,37.0505,-4.70439,
37.18996944,-4.85223056,Kitwai,,,,,,"-1","0","-1",,,37.19,-4.85223,
36.49033889,-3.64816111,Naalarami 1,,,,,,"-1","0","-1",,,36.4903,-3.64816,
33.97295,-9.11389,Ujuni Hill,,,,,,"-1","0","-1",,,33.9729,-9.11389,
34.07172222,-9.02794444,Ikuwo,,,,,,"-1","0","-1",,,34.0717,-9.02794,
37.75816,-10.74438,Liwangula,,,,,,"-1","0","-1",,,37.7582,-10.7444,
36.82241111,-10.60535,Kalulu,,,,,,"-1","0","-1",,,36.8224,-10.6053,
36.46251111,-2.61976944,Mundarara,,,,,,"-1","0","-1",,,36.4625,-2.61977,
35.38626944,-6.87731944,CHINUGULU,,,,,,"-1","0","-1",,,35.3863,-6.87732,
35.30955,-6.76813,Manda Sec/s,,,,,,"-1","0","-1",,,35.3096,-6.76813,
35.24021111,-8.08416111,Ufyambe,,,,,,"-1","0","-1",,,35.2402,-8.08416,
35.15491667,-8.77994444,Isaula,,,,,,"-1","0","-1",,,35.1549,-8.77994,
31.15763889,-1.82769444,RUGU PS,,,,,,"-1","0","-1",,,31.1576,-1.82769,
31.16778,-1.79119,MISHA,,,,,,"-1","0","-1",,,31.1678,-1.79119,
31.26155556,-2.65016667,KIRURUMO,,,,,,"-1","0","-1",,,31.2616,-2.65017,
38.03003889,-10.55978889,Kilimarondo Afya,,,,,,"-1","0","-1",,,38.03,-10.5598,
39.36523056,-9.17951944,Kiwawa,,,,,,"-1","0","-1",,,39.3652,-9.17952,
39.31626944,-9.05986944,Mchakama,,,,,,"-1","0","-1",,,39.3163,-9.05987,
37.83545,-9.53113056,Barikiwa,,,,,,"-1","0","-1",,,37.8355,-9.53113,
32.94303056,-8.53728056,Totowe,,,,,,"-1","0","-1",,,32.943,-8.53728,
38.00441667,-7.23455556,Kiganila,,,,,,"-1","0","-1",,,38.0044,-7.23456,
38.58868889,-10.63558056,Mkwapa,,,,,,"-1","0","-1",,,38.5887,-10.6356,
38.66052,-11.23874,Marumba Mbuyuni,,,,,,"-1","0","-1",,,38.6605,-11.2387,
38.57606944,-11.13962,Namijati,,,,,,"-1","0","-1",,,38.5761,-11.1396,
33.51162,-2.46609,YITWIMILA �A�,,,,,,"-1","0","-1",,,33.5116,-2.46609,
37.27403,-3.74108,Olchoronyori,,,,,,"-1","0","-1",,,37.274,-3.74108,
35.14482778,-3.95576389,Yaeda Chini,,,,,,"-1","0","-1",,,35.1448,-3.95576,
35.24788889,-3.91238889,Mongo wa mono,,,,,,"-1","0","-1",,,35.2479,-3.91239,
36.62794444,-5.31775,Mbigiri,,,,,,"-1","0","-1",,,36.6279,-5.31775,
36.56422222,-5.44375,Namelok,,,,,,"-1","0","-1",,,36.5642,-5.44375,
36.56561944,-3.84081944,Loswaki,,,,,,"-1","0","-1",,,36.5656,-3.84082,
38.47013889,-7.85766111,Kipugira,,,,,,"-1","0","-1",,,38.4701,-7.85766,
37.5217,-10.85756111,Majimaji Darajani,,,,,,"-1","0","-1",,,37.5217,-10.8576,
36.65741111,-10.80188056,Hulia NICTBB,,,,,,"-1","0","-1",,,36.6574,-10.8019,
35.87836944,-10.25741111,Luhangano,,,,,,"-1","0","-1",,,35.8784,-10.2574,
35.37883056,-9.87171111,Madaba,,,,,,"-1","0","-1",,,35.3788,-9.87171,
35.23521,-11.41132,Matunduru Hill,,,,,,"-1","0","-1",,,35.2352,-11.4113,
33.9461,-6.08713,KIYOMBO,,,,,,"-1","0","-1",,,33.9461,-6.08713,
34.41855556,-3.70544444,MWONJORO SS,,,,,,"-1","0","-1",,,34.4186,-3.70544,
34.26864,-2.63435,NGE�SHA,,,,,,"-1","0","-1",,,34.2686,-2.63435,
34.239,-2.77761111,ZAGWA HILL,,,,,,"-1","0","-1",,,34.239,-2.77761,
33.68948889,-5.36803056,ALEX PS,,,,,,"-1","0","-1",,,33.6895,-5.36803,
32.939,-5.71041667,USUNGA MNADANI,,,,,,"-1","0","-1",,,32.939,-5.71042,
32.09122222,-5.17547222,NSENDA MLIMANI,,,,,,"-1","0","-1",,,32.0912,-5.17547,
32.33882,-5.24213,NSOGOLO PS,,,,,,"-1","0","-1",,,32.3388,-5.24213,
38.13733056,-5.22876944,Msempe Hill,,,,,,"-1","0","-1",,,38.1373,-5.22877,
38.13551111,-5.33261944,Kibaya,,,,,,"-1","0","-1",,,38.1355,-5.33262,
36.91634,-3.7286,Shambarai Hill,,,,,,"-1","0","-1",,,36.9163,-3.7286,
37.84845,-7.79428,RUBADA CAMPS,,,,,,"-1","0","-1",,,37.8484,-7.79428,
38.26743,-7.77994,MWASENI PS,,,,,,"-1","0","-1",,,38.2674,-7.77994,
37.90094,-7.80159,SERENA HOTEL,,,,,,"-1","0","-1",,,37.9009,-7.80159,
35.2628,-3.23744,Enduleni,,,,,,"-1","0","-1",,,35.2628,-3.23744,
35.79178,-5.3346,Gwandi,,,,,,"-1","0","-1",,,35.7918,-5.3346,
35.3054,-5.13802,Manantu,,,,,,"-1","0","-1",,,35.3054,-5.13802,
35.34312,-6.44122,Nondwa,,,,,,"-1","0","-1",,,35.3431,-6.44122,
35.97174,-5.2574,Ombili (Chemba),,,,,,"-1","0","-1",,,35.9717,-5.2574,
35.23838,-5.18694,Ovada,,,,,,"-1","0","-1",,,35.2384,-5.18694,
37.46333,-3.82477,Nyumba ya Mungu (Ngorika),,,,,,"-1","0","-1",,,37.4633,-3.82477,
37.9174,-10.4116,Kiegei,,,,,,"-1","0","-1",,,37.9174,-10.4116,
33.66441,-8.43881,Shoga Hill (Chalangwa),,,,,,"-1","0","-1",,,33.6644,-8.43881,
36.5276,-8.511,Kidugalo,,,,,,"-1","0","-1",,,36.5276,-8.511,
37.1135,-5.8267,Lumotoi,,,,,,"-1","0","-1",,,37.1135,-5.8267,
37.9634,-7.0446,Tununguo,,,,,,"-1","0","-1",,,37.9634,-7.0446,
37.10199,-5.71551,Sunya,,,,,,"-1","0","-1",,,37.102,-5.71551,
35.22501,-11.00757,Kihungu,,,,,,"-1","0","-1",,,35.225,-11.0076,
36.33553,-10.58795,Mchomoro (Namtumbo),,,,,,"-1","0","-1",,,36.3355,-10.5879,
37.36158,-11.3835,Mwenge (Mchesi),,,,,,"-1","0","-1",,,37.3616,-11.3835,
36.9932,-11.45146,Nalasi,,,,,,"-1","0","-1",,,36.9932,-11.4515,
34.51744,-3.90034,Bukundi,,,,,,"-1","0","-1",,,34.5174,-3.90034,
33.165066,-3.482351,Kilulu,,,,,,"-1","0","-1",,,33.1651,-3.48235,
31.1796,-7.85549,Kate Hill UCSAF P. 3,,,,,,"-1","0","-1",,,31.1796,-7.85549,
37.08495,-11.58969,Nasomba P/S UCSAF P. 3,,,,,,"-1","0","-1",,,37.0849,-11.5897,
38.886019,-11.158169,Mbangara UCSAF P. 3,,,,,,"-1","0","-1",,,38.886,-11.1582,
33.828045,-8.422182,Msanga P/S UCSAF P. 3,,,,,,"-1","0","-1",,,33.828,-8.42218,
35.941586,-6.65875,Mtumba,,,,,,"-1","0","-1",,,35.9416,-6.65875,
35.9734,-6.10592,VIKONJE,,,,,,"-1","0","-1",,,35.9734,-6.10592,
40.11046,-10.56752,Chawi Sec/S,,,,,,"-1","0","-1",,,40.1105,-10.5675,
40.15803,-10.58074,Ngonja PS,,,,,,"-1","0","-1",,,40.158,-10.5807,
40.15242,-10.52083,Navikole P/S,,,,,,"-1","0","-1",,,40.1524,-10.5208,
40.14353,-10.60212,Bandari Hill,,,,,,"-1","0","-1",,,40.1435,-10.6021,
40.11399,-10.70195,Mayembe Chini Dispensary,,,,,,"-1","0","-1",,,40.114,-10.702,
39.90536,-10.69934,Mbembaleo P/S,,,,,,"-1","0","-1",,,39.9054,-10.6993,
39.9591,-10.71772,Mkahara P/S,,,,,,"-1","0","-1",,,39.9591,-10.7177,
39.78619,-10.47955,Mnima Sec/S,,,,,,"-1","0","-1",,,39.7862,-10.4795,
39.66031,-10.59523,Nyundo B p/s,,,,,,"-1","0","-1",,,39.6603,-10.5952,
39.72993,-10.66033,Niktekela P/S,,,,,,"-1","0","-1",,,39.7299,-10.6603,
38.36288,-9.42315,Kimambi,,,,,,"-1","0","-1",,,38.3629,-9.42315,
33.47433,-4.14345,Ngulu Mpakani,,,,,,"-1","0","-1",,,33.4743,-4.14345,
33.56886,-4.51507,Malagano P/S,,,,,,"-1","0","-1",,,33.5689,-4.51507,
33.60472,-4.74738,Igoweko Dispensary,,,,,,"-1","0","-1",,,33.6047,-4.74738,
33.71262,-4.796,Buhekela P/S,,,,,,"-1","0","-1",,,33.7126,-4.796,
31.05198,-8.12941,King'ombe P/S,,,,,,"-1","0","-1",,,31.052,-8.12941,
30.9722,-8.13333,Kala,,,,,,"-1","0","-1",,,30.9722,-8.13333,
31.06662,-8.23338,Mlambo,,,,,,"-1","0","-1",,,31.0666,-8.23338,
30.95457,-8.18223,Mpasa P/S,,,,,,"-1","0","-1",,,30.9546,-8.18223,
31.70035,-3.01363,Igando,,,,,,"-1","0","-1",,,31.7004,-3.01363,
35.41851,-7.87812,Igangidung'u S/S,,,,,,"-1","0","-1",,,35.4185,-7.87812,
34.80328,-8.64705,Idunda Dispensary,,,,,,"-1","0","-1",,,34.8033,-8.64705,
34.74666,-8.42946,Kwatwanga PS,,,,,,"-1","0","-1",,,34.7467,-8.42946,
35.42513,-8.27641,Itimbo,,,,,,"-1","0","-1",,,35.4251,-8.27641,
30.330779,-3.87406,Kitanga PS,,,,,,"-1","0","-1",,,30.3308,-3.87406,
39.35492,-8.63231,Mtoni P/S,,,,,,"-1","0","-1",,,39.3549,-8.63231,
39.60265,-10.51303,Chiuta Dispensary,,,,,,"-1","0","-1",,,39.6026,-10.513,
38.25608,-10.24498,Nahoro Dispensary,,,,,,"-1","0","-1",,,38.2561,-10.245,
37.91775,-9.89581,Likombora Dispensary,,,,,,"-1","0","-1",,,37.9177,-9.89581,
34.011665,-1.7289,Bumangi SS,,,,,,"-1","0","-1",,,34.0117,-1.7289,
34.34911,-1.39932,Kewamamba PS,,,,,,"-1","0","-1",,,34.3491,-1.39932,
34.44296,-1.91991,Mosongo,,,,,,"-1","0","-1",,,34.443,-1.91991,
33.42693,-9.0224,Igale Hill,,,,,,"-1","0","-1",,,33.4269,-9.0224,
33.38138,-8.82432,Iwanza Hill,,,,,,"-1","0","-1",,,33.3814,-8.82432,
38.217,-6.67529,Matuli,,,,,,"-1","0","-1",,,38.217,-6.67529,
39.41437,-10.44895,Ngunja Dispensary,,,,,,"-1","0","-1",,,39.4144,-10.4489,
39.33387,-10.98839,Nanguruwe,,,,,,"-1","0","-1",,,39.3339,-10.9884,
38.785026,-10.843545,Navai PS,,,,,,"-1","0","-1",,,38.785,-10.8435,
39.80133,-5.02724,Dodeani Shuleni,,,,,,"-1","0","-1",,,39.8013,-5.02724,
39.81605,-5.05669,Mibiligini Kiungoni,,,,,,"-1","0","-1",,,39.816,-5.05669,
39.7456,-4.94276,Konde,,,,,,"-1","0","-1",,,39.7456,-4.94276,
39.03248,-7.62228,Nyambili,,,,,,"-1","0","-1",,,39.0325,-7.62228,
39.168875,-7.628191,Tomoni,,,,,,"-1","0","-1",,,39.1689,-7.62819,
39.31424,-8.10049,Mbuchi,,,,,,"-1","0","-1",,,39.3142,-8.10049,
35.77713,-10.55357,Mtakanini P/S,,,,,,"-1","0","-1",,,35.7771,-10.5536,
35.47985,-10.5197,Litowa,,,,,,"-1","0","-1",,,35.4798,-10.5197,
33.893223,-2.738792,Mhango PS,,,,,,"-1","0","-1",,,33.8932,-2.73879,
33.941159,-3.240804,Suligi PS,,,,,,"-1","0","-1",,,33.9412,-3.2408,
33.814178,-3.437157,Busilili Dispensary,,,,,,"-1","0","-1",,,33.8142,-3.43716,
34.133074,-3.268693,Mwandu Itinje PS,,,,,,"-1","0","-1",,,34.1331,-3.26869,
34.317776,-3.015609,Mwashata PS,,,,,,"-1","0","-1",,,34.3178,-3.01561,
34.712666,-5.839668,Mbugani Mnadani,,,,,,"-1","0","-1",,,34.7127,-5.83967,
34.981569,-5.619225,Hika,,,,,,"-1","0","-1",,,34.9816,-5.61923,
32.71267,-8.91407,Hamwelo,,,,,,"-1","0","-1",,,32.7127,-8.91407,
33.04168,-8.85193,Iyenga,,,,,,"-1","0","-1",,,33.0417,-8.85193,
32.9243,-9.03191,Mbozi Mission,,,,,,"-1","0","-1",,,32.9243,-9.03191,
38.05768,-5.39322,Kwenjugo,,,,,,"-1","0","-1",,,38.0577,-5.39322,
37.98576,-5.21106,Msomera,,,,,,"-1","0","-1",,,37.9858,-5.21106,
37.30045,-5.8931,Lusane (Msamvu),,,,,,"-1","0","-1",,,37.3004,-5.8931,
36.58262,-2.49031,Sinonik,,,,,,"-1","0","-1",,,36.5826,-2.49031,
36.529651,-2.850759,Kiserian,,,,,,"-1","0","-1",,,36.5297,-2.85076,
35.338729,-6.599337,Chifutuka_PS,,,,,,"-1","0","-1",,,35.3387,-6.59934,
36.181821,-5.890549,Membe Hill,,,,,,"-1","0","-1",,,36.1818,-5.89055,
36.088525,-4.753324,Keikei PS,,,,,,"-1","0","-1",,,36.0885,-4.75332,
35.744858,-4.960432,Tungufu Hill,,,,,,"-1","0","-1",,,35.7449,-4.96043,
30.863034,-1.622282,Kiregete PS,,,,,,"-1","0","-1",,,30.863,-1.62228,
30.925973,-1.850304,Masheli Hill,,,,,,"-1","0","-1",,,30.926,-1.8503,
30.985162,-1.848039,Bwikizo PS,,,,,,"-1","0","-1",,,30.9852,-1.84804,
31.051761,-2.954032,Nyamtukuza Hill,,,,,,"-1","0","-1",,,31.0518,-2.95403,
37.4516,-3.74242,Nyabinda,,,,,,"-1","0","-1",,,37.4516,-3.74242,
33.66321,-8.93236,Usohamuungano P/S,,,,,,"-1","0","-1",,,33.6632,-8.93236,
33.72313,-8.83443,Ihango P/S,,,,,,"-1","0","-1",,,33.7231,-8.83443,
36.93753,-6.35819,Masenge Hill,,,,,,"-1","0","-1",,,36.9375,-6.35819,
38.458885,-7.042702,Usungura,,,,,,"-1","0","-1",,,38.4589,-7.0427,
38.06497,-6.82199,Kiwege Dispensary,,,,,,"-1","0","-1",,,38.065,-6.82199,
38.01747,-6.71327,Kinonko,,,,,,"-1","0","-1",,,38.0175,-6.71327,
34.16007,-9.07031,Kigala P/S,,,,,,"-1","0","-1",,,34.1601,-9.07031,
39.80812,-4.99016,Chanjaani Shuleni,,,,,,"-1","0","-1",,,39.8081,-4.99016,
37.02282,-10.70614,Jaribuni P/S,,,,,,"-1","0","-1",,,37.0228,-10.7061,
37.45161,-10.97221,Cheleweni P/S,,,,,,"-1","0","-1",,,37.4516,-10.9722,
36.03246,-10.26134,Nangero P/S,,,,,,"-1","0","-1",,,36.0325,-10.2613,
36.13344,-10.2183,Nambecha Dispensary,,,,,,"-1","0","-1",,,36.1334,-10.2183,
35.26369,-10.5077,Lugagara Hill,,,,,,"-1","0","-1",,,35.2637,-10.5077,
34.993573,-4.588468,Mdilu PS,,,,,,"-1","0","-1",,,34.9936,-4.58847,
35.222396,-4.969062,Nduamughanga PS,,,,,,"-1","0","-1",,,35.2224,-4.96906,
34.030899,-4.801326,Kaugeli PS,,,,,,"-1","0","-1",,,34.0309,-4.80133,
32.249012,-5.223869,Isongwa PS,,,,,,"-1","0","-1",,,32.249,-5.22387,
